technology_lib,./technology/technology_select_pkg.vhd
common_pkg_lib,./common_pkg/common_pkg.vhd
common_pkg_lib,./common_pkg/common_str_pkg.vhd
common_pkg_lib,./common_pkg/tb_common_pkg.vhd
common_pkg_lib,./common_pkg/common_lfsr_sequences_pkg.vhd
common_components_lib,./common_components/common_switch.vhd
common_components_lib,./common_components/common_async.vhd
common_components_lib,./common_components/common_areset.vhd
common_components_lib,./common_components/common_bit_delay.vhd
common_components_lib,./common_components/common_components_pkg.vhd
common_components_lib,./common_components/common_delay.vhd
common_components_lib,./common_components/common_paged_reg.vhd
common_components_lib,./common_components/common_pipeline_sl.vhd
common_components_lib,./common_components/common_pipeline.vhd
common_components_lib,./common_components/common_select_symbol.vhd
common_components_lib,./common_components/common_spulse_tb.vhd
common_components_lib,./common_components/common_spulse.vhd
common_components_lib,./common_components/common_switch_tb.vhd
casper_misc_lib,./misc/armed_trigger.vhd
casper_misc_lib,./misc/bit_reverse.vhd
casper_misc_lib,./misc/c_to_ri.vhd
casper_misc_lib,./misc/concat.vhd
casper_misc_lib,./misc/edge_detect.vhd
casper_misc_lib,./misc/pulse_ext.vhd
casper_misc_lib,./misc/ri_to_c.vhd
casper_misc_lib,./misc/sample_and_hold.vhd
casper_misc_lib,./misc/tb_armed_trigger.vhd
casper_misc_lib,./misc/tb_bit_reverse.vhd
casper_misc_lib,./misc/tb_c_to_ri.vhd
casper_misc_lib,./misc/tb_edge_detect.vhd
casper_misc_lib,./misc/tb_pulse_ext.vhd
casper_misc_lib,./misc/tb_ri_to_c.vhd
casper_misc_lib,./misc/tb_sample_and_hold.vhd
casper_misc_lib,./misc/tb_tb_vu_armed_trigger.vhd
casper_misc_lib,./misc/tb_tb_vu_bit_reverse.vhd
casper_misc_lib,./misc/tb_tb_vu_c_to_ri.vhd
casper_misc_lib,./misc/tb_tb_vu_edge_detect.vhd
casper_misc_lib,./misc/tb_tb_vu_pulse_ext.vhd
casper_misc_lib,./misc/tb_tb_vu_ri_to_c.vhd
casper_misc_lib,./misc/tb_tb_vu_sample_and_hold.vhd
casper_misc_lib,./misc/run.py
casper_accumulator_lib,./casper_accumulators/addr_bram_vacc.vhd
casper_accumulator_lib,./casper_accumulators/tb_addr_bram_vacc.vhd
casper_accumulator_lib,./casper_accumulators/tb_tb_vu_addr_bram_vacc.vhd
casper_accumulator_lib,./casper_accumulators/run.py
casper_adder_lib,./casper_adder/common_add_sub.vhd
casper_adder_lib,./casper_adder/common_adder_tree_a_str.vhd
casper_adder_lib,./casper_adder/common_adder_tree.vhd
casper_adder_lib,./casper_adder/tb_common_add_sub.vhd
casper_adder_lib,./casper_adder/tb_common_adder_tree.vhd
casper_adder_lib,./casper_adder/tb_tb_common_add_sub.vhd
casper_adder_lib,./casper_adder/tb_tb_common_adder_tree.vhd
casper_adder_lib,./casper_adder/tb_tb_vu_common_add_sub.vhd
casper_adder_lib,./casper_adder/run.py
casper_counter_lib,./casper_counter/common_counter.vhd
casper_counter_lib,./casper_counter/free_run_up_counter.vhd
casper_counter_lib,./casper_counter/tb_common_counter.vhd
casper_counter_lib,./casper_counter/tb_tb_vu_common_counter.vhd
casper_counter_lib,./casper_counter/run.py

xpm,./xilinx/xpm_vhdl/src/xpm/xpm_VCOMP.vhd
xpm,./xilinx/xpm_vhdl/src/xpm/xpm_memory/hdl/xpm_memory_base.vhd
xpm,./xilinx/xpm_vhdl/src/xpm/xpm_memory/hdl/xpm_memory_sdpram.vhd
xpm,./xilinx/xpm_vhdl/src/xpm/xpm_memory/hdl/xpm_memory_tdpram.vhd
xpm,./xilinx/xpm_vhdl/src/xpm/xpm_fifo/hdl/xpm_counter_updn.vhd
xpm,./xilinx/xpm_vhdl/src/xpm/xpm_fifo/hdl/xpm_fifo_async.vhd
xpm,./xilinx/xpm_vhdl/src/xpm/xpm_fifo/hdl/xpm_fifo_axi_reg_slice.vhd
xpm,./xilinx/xpm_vhdl/src/xpm/xpm_fifo/hdl/xpm_fifo_axif.vhd
xpm,./xilinx/xpm_vhdl/src/xpm/xpm_fifo/hdl/xpm_fifo_axil.vhd
xpm,./xilinx/xpm_vhdl/src/xpm/xpm_fifo/hdl/xpm_fifo_axis.vhd
xpm,./xilinx/xpm_vhdl/src/xpm/xpm_fifo/hdl/xpm_fifo_base.vhd
xpm,./xilinx/xpm_vhdl/src/xpm/xpm_fifo/hdl/xpm_fifo_reg_bit.vhd
xpm,./xilinx/xpm_vhdl/src/xpm/xpm_fifo/hdl/xpm_fifo_reg_vec.vhd
xpm,./xilinx/xpm_vhdl/src/xpm/xpm_fifo/hdl/xpm_fifo_rst.vhd
xpm,./xilinx/xpm_vhdl/src/xpm/xpm_fifo/hdl/xpm_fifo_sync.vhd
xpm,./xilinx/xpm_vhdl/src/xpm/xpm_fifo/hdl/xpm_reg_pipe_bit.vhd
xpm,./xilinx/xpm_vhdl/src/xpm/xpm_cdc/hdl/xpm_cdc_array_single.vhd
xpm,./xilinx/xpm_vhdl/src/xpm/xpm_cdc/hdl/xpm_cdc_async_rst.vhd
xpm,./xilinx/xpm_vhdl/src/xpm/xpm_cdc/hdl/xpm_cdc_gray.vhd
xpm,./xilinx/xpm_vhdl/src/xpm/xpm_cdc/hdl/xpm_cdc_handshake.vhd
xpm,./xilinx/xpm_vhdl/src/xpm/xpm_cdc/hdl/xpm_cdc_low_latency_handshake.vhd
xpm,./xilinx/xpm_vhdl/src/xpm/xpm_cdc/hdl/xpm_cdc_pulse.vhd
xpm,./xilinx/xpm_vhdl/src/xpm/xpm_cdc/hdl/xpm_cdc_single.vhd
xpm,./xilinx/xpm_vhdl/src/xpm/xpm_cdc/hdl/xpm_cdc_sync_rst.vhd




altera_mf,./intel/altera_mf/altera_mf_components.vhd
altera_mf,./intel/altera_mf/altera_mf.vhd
lpm,./intel/altera_mf/lpm_pack.vhd

ip_xpm_ram_lib,./ip_xpm/ram/ip_xpm_ram_cr_cw.vhd
ip_xpm_ram_lib,./ip_xpm/ram/ip_xpm_ram_crw_crw.vhd
ip_xpm_ram_lib,./ip_xpm/ram/ip_xpm_ram_crwk_crw.vhd
ip_xpm_ram_lib,./ip_xpm/ram/ip_xpm_rom_r_r.vhd
ip_xpm_ram_lib,./ip_xpm/ram/ip_xpm_rom_r.vhd
ip_xpm_mult_lib,./ip_xpm/mult/ip_cmult_rtl_3dsp.vhd
ip_xpm_mult_lib,./ip_xpm/mult/ip_cmult_rtl_4dsp.vhd
ip_xpm_mult_lib,./ip_xpm/mult/ip_mult_infer.vhd
ip_xpm_fifo_lib,./ip_xpm/fifo/ip_xilinx_fifo_dc_mixed_widths.vhd
ip_xpm_fifo_lib,./ip_xpm/fifo/ip_xilinx_fifo_dc.vhd
ip_xpm_fifo_lib,./ip_xpm/fifo/ip_xilinx_fifo_sc.vhd

ip_stratixiv_ram_lib,./ip_stratixiv/ram/ip_stratixiv_ram_cr_cw.vhd
ip_stratixiv_ram_lib,./ip_stratixiv/ram/ip_stratixiv_ram_crw_crw.vhd
ip_stratixiv_ram_lib,./ip_stratixiv/ram/ip_stratixiv_ram_crwk_crw.vhd
ip_stratixiv_ram_lib,./ip_stratixiv/ram/ip_stratixiv_ram_r_w.vhd
ip_stratixiv_ram_lib,./ip_stratixiv/ram/ip_stratixiv_rom_r.vhd
ip_stratixiv_mult_lib,./ip_stratixiv/mult/ip_stratixiv_complex_mult_rtl.vhd
ip_stratixiv_mult_lib,./ip_stratixiv/mult/ip_stratixiv_complex_mult.vhd
ip_stratixiv_mult_lib,./ip_stratixiv/mult/ip_stratixiv_mult_add2_rtl.vhd
ip_stratixiv_mult_lib,./ip_stratixiv/mult/ip_stratixiv_mult_add4_rtl.vhd
ip_stratixiv_mult_lib,./ip_stratixiv/mult/ip_stratixiv_mult_rtl.vhd
ip_stratixiv_mult_lib,./ip_stratixiv/mult/ip_stratixiv_mult.vhd

ip_stratixiv_fifo_lib,./ip_stratixiv/fifo/ip_stratixiv_fifo_dc_mixed_widths.vhd
ip_stratixiv_fifo_lib,./ip_stratixiv/fifo/ip_stratixiv_fifo_dc.vhd
ip_stratixiv_fifo_lib,./ip_stratixiv/fifo/ip_stratixiv_fifo_sc.vhd

casper_ram_lib,./casper_ram/common_paged_ram_crw_crw.vhd
casper_ram_lib,./casper_ram/common_paged_ram_r_w.vhd
casper_ram_lib,./casper_ram/common_paged_ram_rw_rw.vhd
casper_ram_lib,./casper_ram/common_ram_crw_crw_ratio.vhd
casper_ram_lib,./casper_ram/common_ram_crw_crw.vhd
casper_ram_lib,./casper_ram/common_ram_pkg.vhd
casper_ram_lib,./casper_ram/common_ram_r_w.vhd
casper_ram_lib,./casper_ram/common_ram_rw_rw.vhd
casper_ram_lib,./casper_ram/common_rom_r.vhd
casper_ram_lib,./casper_ram/common_rom_r_r.vhd
casper_ram_lib,./casper_ram/tb_common_paged_ram_crw_crw.vhd
casper_ram_lib,./casper_ram/tb_tb_vu_common_paged_ram_crw_crw.vhd
casper_ram_lib,./casper_ram/tech_memory_component_pkg.vhd
casper_ram_lib,./casper_ram/tech_memory_ram_cr_cw.vhd
casper_ram_lib,./casper_ram/tech_memory_ram_crw_crw.vhd
casper_ram_lib,./casper_ram/tech_memory_ram_crwk_crw.vhd
casper_ram_lib,./casper_ram/tech_memory_rom_r_r.vhd
casper_ram_lib,./casper_ram/tech_memory_rom_r.vhd
casper_ram_lib,./casper_ram/run.py

casper_delay_lib,./casper_delay/delay_bram_en_plus.vhd
casper_delay_lib,./casper_delay/delay_bram_prog_dp.vhd
casper_delay_lib,./casper_delay/delay_bram_prog.vhd
casper_delay_lib,./casper_delay/delay_bram.vhd
casper_delay_lib,./casper_delay/delay_complex.vhd
casper_delay_lib,./casper_delay/run.py
casper_delay_lib,./casper_delay/tb_delay_bram_en_plus.vhd
casper_delay_lib,./casper_delay/tb_delay_bram_prog_dp.vhd
casper_delay_lib,./casper_delay/tb_delay_bram_prog.vhd
casper_delay_lib,./casper_delay/tb_delay_bram.vhd
casper_delay_lib,./casper_delay/tb_delay_complex.vhd
casper_delay_lib,./casper_delay/tb_tb_vu_delay_bram_en_plus.vhd
casper_delay_lib,./casper_delay/tb_tb_vu_delay_bram_prog_dp.vhd
casper_delay_lib,./casper_delay/tb_tb_vu_delay_bram_prog.vhd
casper_delay_lib,./casper_delay/tb_tb_vu_delay_bram.vhd


 







