vunit_lib,/export/data_1/vunit/vunit/vhdl/logging/src/ansi_pkg.vhd
vunit_lib,/export/data_1/vunit/vunit/vhdl/data_types/src/byte_vector_ptr_pkg.vhd
vunit_lib,/export/data_1/vunit/vunit/vhdl/check/src/check_deprecated_pkg.vhd
vunit_lib,/export/data_1/vunit/vunit/vhdl/check/src/check_api.vhd
vunit_lib,/export/data_1/vunit/vunit/vhdl/check/src/check.vhd
vunit_lib,/export/data_1/vunit/vunit/vhdl/check/src/checker_pkg.vhd
vunit_lib,/export/data_1/vunit/vunit/vhdl/check/src/checker_pkg-body.vhd
vunit_lib,/export/data_1/vunit/vunit/vhdl/data_types/src/codec-2008p.vhd
vunit_lib,/export/data_1/vunit/vunit/vhdl/data_types/src/codec_builder-2008p.vhd
vunit_lib,/export/data_1/vunit/vunit/vhdl/data_types/src/codec_builder.vhd
vunit_lib,/export/data_1/vunit/vunit/vhdl/data_types/src/codec.vhd
vunit_lib,/export/data_1/vunit/vunit/vhdl/core/src/core_pkg.vhd
vunit_lib,/export/data_1/vunit/vunit/vhdl/data_types/src/data_types_context.vhd
vunit_lib,/export/data_1/vunit/vunit/vhdl/data_types/src/data_types_private_pkg.vhd
vunit_lib,/export/data_1/vunit/vunit/vhdl/data_types/src/dict_pkg-2008p.vhd
vunit_lib,/export/data_1/vunit/vunit/vhdl/data_types/src/dict_pkg.vhd
vunit_lib,/export/data_1/vunit/vunit/vhdl/data_types/src/dict_pkg-body.vhd
vunit_lib,/export/data_1/vunit/vunit/vhdl/dictionary/src/dictionary.vhd
vunit_lib,/export/data_1/vunit/vunit/vhdl/data_types/src/api/external_integer_vector_pkg.vhd
vunit_lib,/export/data_1/vunit/vunit/vhdl/data_types/src/api/external_string_pkg.vhd
vunit_lib,/export/data_1/vunit/vunit/vhdl/logging/src/file_pkg.vhd
vunit_lib,/export/data_1/vunit/vunit/vhdl/data_types/src/integer_array_pkg.vhd
vunit_lib,/export/data_1/vunit/vunit/vhdl/data_types/src/integer_array_pkg-body.vhd
vunit_lib,/export/data_1/vunit/vunit/vhdl/data_types/src/integer_vector_ptr_pkg.vhd
vunit_lib,/export/data_1/vunit/vunit/vhdl/data_types/src/integer_vector_ptr_pkg-body-2002p.vhd
vunit_lib,/export/data_1/vunit/vunit/vhdl/data_types/src/integer_vector_ptr_pool_pkg.vhd
vunit_lib,/export/data_1/vunit/vunit/vhdl/logging/src/location_pkg.vhd
vunit_lib,/export/data_1/vunit/vunit/vhdl/logging/src/location_pkg-body-2008m.vhd
vunit_lib,/export/data_1/vunit/vunit/vhdl/logging/src/log_deprecated_pkg.vhd
vunit_lib,/export/data_1/vunit/vunit/vhdl/logging/src/log_handler_pkg.vhd
vunit_lib,/export/data_1/vunit/vunit/vhdl/logging/src/log_handler_pkg-body.vhd
vunit_lib,/export/data_1/vunit/vunit/vhdl/logging/src/log_levels_pkg.vhd
vunit_lib,/export/data_1/vunit/vunit/vhdl/logging/src/log_levels_pkg-body.vhd
vunit_lib,/export/data_1/vunit/vunit/vhdl/logging/src/logger_pkg.vhd
vunit_lib,/export/data_1/vunit/vunit/vhdl/logging/src/logger_pkg-body.vhd
vunit_lib,/export/data_1/vunit/vunit/vhdl/path/src/path.vhd
vunit_lib,/export/data_1/vunit/vunit/vhdl/logging/src/print_pkg.vhd
vunit_lib,/export/data_1/vunit/vunit/vhdl/logging/src/print_pkg-body.vhd
vunit_lib,/export/data_1/vunit/vunit/vhdl/data_types/src/queue_pkg-2008p.vhd
vunit_lib,/export/data_1/vunit/vunit/vhdl/data_types/src/queue_pkg.vhd
vunit_lib,/export/data_1/vunit/vunit/vhdl/data_types/src/queue_pkg-body.vhd
vunit_lib,/export/data_1/vunit/vunit/vhdl/data_types/src/queue_pool_pkg.vhd
vunit_lib,/export/data_1/vunit/vunit/vhdl/random/src/random_pkg.vhd
vunit_lib,/export/data_1/vunit/vunit/vhdl/run/src/run_deprecated_pkg.vhd
vunit_lib,/export/data_1/vunit/vunit/vhdl/run/src/run_api.vhd
vunit_lib,/export/data_1/vunit/vunit/vhdl/run/src/run.vhd
vunit_lib,/export/data_1/vunit/vunit/vhdl/run/src/run_types.vhd
vunit_lib,/export/data_1/vunit/vunit/vhdl/run/src/runner_pkg.vhd
vunit_lib,/export/data_1/vunit/vunit/vhdl/core/src/stop_pkg.vhd
vunit_lib,/export/data_1/vunit/vunit/vhdl/core/src/stop_body_2008p.vhd
vunit_lib,/export/data_1/vunit/vunit/vhdl/string_ops/src/string_ops.vhd
vunit_lib,/export/data_1/vunit/vunit/vhdl/data_types/src/string_ptr_pkg.vhd
vunit_lib,/export/data_1/vunit/vunit/vhdl/data_types/src/string_ptr_pkg-body-2002p.vhd
vunit_lib,/export/data_1/vunit/vunit/vhdl/data_types/src/string_ptr_pool_pkg.vhd
vunit_lib,/export/data_1/vunit/vunit/vhdl/data_types/src/types.vhd
vunit_lib,/export/data_1/vunit/vunit/vhdl/vunit_context.vhd
vunit_lib,/export/data_1/vunit/vunit/vhdl/vunit_run_context.vhd


osvvm,/export/data_1/vunit/vunit/vhdl/osvvm/AlertLogPkg.vhd
osvvm,/export/data_1/vunit/vunit/vhdl/osvvm/CoveragePkg.vhd
osvvm,/export/data_1/vunit/vunit/vhdl/osvvm/MemoryPkg.vhd
osvvm,/export/data_1/vunit/vunit/vhdl/osvvm/MessageListPkg.vhd
osvvm,/export/data_1/vunit/vunit/vhdl/osvvm/MessagePkg.vhd
osvvm,/export/data_1/vunit/vunit/vhdl/osvvm/NamePkg.vhd
osvvm,/export/data_1/vunit/vunit/vhdl/osvvm/NameStorePkg.vhd
osvvm,/export/data_1/vunit/vunit/vhdl/osvvm/OsvvmContext.vhd
osvvm,/export/data_1/vunit/vunit/vhdl/osvvm/OsvvmGlobalPkg.vhd
osvvm,/export/data_1/vunit/vunit/vhdl/osvvm/OsvvmTypesPkg.vhd
osvvm,/export/data_1/vunit/vunit/vhdl/osvvm/RandomBasePkg.vhd
osvvm,/export/data_1/vunit/vunit/vhdl/osvvm/RandomPkg.vhd
osvvm,/export/data_1/vunit/vunit/vhdl/osvvm/RandomProcedurePkg.vhd
osvvm,/export/data_1/vunit/vunit/vhdl/osvvm/ReportPkg.vhd
osvvm,/export/data_1/vunit/vunit/vhdl/osvvm/ResizePkg.vhd
osvvm,/export/data_1/vunit/vunit/vhdl/osvvm/ResolutionPkg.vhd
osvvm,/export/data_1/vunit/vunit/vhdl/osvvm/ScoreboardGenericPkg.vhd
osvvm,/export/data_1/vunit/vunit/vhdl/osvvm/ScoreboardPkg_int.vhd
osvvm,/export/data_1/vunit/vunit/vhdl/osvvm/ScoreboardPkg_slv.vhd
osvvm,/export/data_1/vunit/vunit/vhdl/osvvm/SortListPkg_int.vhd
osvvm,/export/data_1/vunit/vunit/vhdl/osvvm/TbUtilPkg.vhd
osvvm,/export/data_1/vunit/vunit/vhdl/osvvm/TextUtilPkg.vhd
osvvm,/export/data_1/vunit/vunit/vhdl/osvvm/TranscriptPkg.vhd
osvvm,/export/data_1/vunit/vunit/vhdl/osvvm/VendorCovApiPkg.vhd
